分类ID,题目内容,题目类型,难度,选项A,选项B,选项C,选项D,选项E,选项F,正确答案,解析,标签
9,操作系统的基本功能包括？,2,1,进程管理,内存管理,文件管理,设备管理,,,D,操作系统主要功能：进程管理、内存管理、文件管理、设备管理,操作系统,基础,功能
9,进程和程序的主要区别是？,1,2,进程是动态的程序是静态的,进程是静态的程序是动态的,进程和程序没有区别,进程是程序的一部分,,,A,进程是程序的一次执行过程是动态的,操作系统,进程,概念
9,进程的三种基本状态是？,1,1,就绪运行阻塞,就绪运行等待,运行阻塞挂起,就绪运行完成,,,A,进程三种基本状态：就绪、运行、阻塞,操作系统,进程,状态
9,进程从运行态到阻塞态是因为？,1,2,时间片用完,等待I/O操作,进程调度,进程结束,,,B,进程等待I/O操作时会从运行态转为阻塞态,操作系统,进程,状态转换
9,进程从阻塞态到就绪态是因为？,1,2,I/O操作完成,时间片用完,进程调度,进程创建,,,A,I/O操作完成后进程从阻塞态转为就绪态,操作系统,进程,状态转换
9,进程控制块PCB的作用是？,1,2,存储进程信息,控制进程执行,分配系统资源,A和B都对,,,D,PCB用于存储进程信息并控制进程执行,操作系统,进程,PCB
9,进程调度算法有哪些？,2,2,先来先服务,短作业优先,时间片轮转,优先级调度,,,D,常见调度算法：FCFS、SJF、RR、优先级调度,操作系统,调度,算法
9,先来先服务调度算法的特点是？,1,2,公平但效率低,效率高但不公平,可能导致饥饿,适用于分时系统,,,A,FCFS算法公平但可能导致长作业等待,操作系统,调度,FCFS
9,短作业优先调度算法的特点是？,1,2,平均等待时间最短,可能导致长作业饥饿,公平性好,A和B都对,,,D,SJF算法平均等待时间短但可能导致饥饿,操作系统,调度,SJF
9,时间片轮转调度算法适用于？,1,1,批处理系统,分时系统,实时系统,分布式系统,,,B,时间片轮转算法适用于分时系统,操作系统,调度,轮转
9,优先级调度可能导致的问题是？,1,2,饥饿现象,抖动现象,死锁现象,碎片现象,,,A,优先级调度可能导致低优先级进程饥饿,操作系统,调度,优先级
9,进程同步的目的是？,1,2,保证进程互斥访问临界资源,保证进程并发执行,提高系统效率,避免死锁,,,A,进程同步目的是保证互斥访问临界资源,操作系统,同步,概念
9,临界区是指？,1,1,访问临界资源的代码段,进程的代码段,系统的代码段,内存的代码段,,,A,临界区是访问临界资源的代码段,操作系统,同步,临界区
9,信号量的P操作是？,1,2,申请资源,释放资源,创建资源,删除资源,,,A,P操作是申请资源操作,操作系统,同步,信号量
9,信号量的V操作是？,1,2,申请资源,释放资源,创建资源,删除资源,,,B,V操作是释放资源操作,操作系统,同步,信号量
9,信号量的初值表示？,1,2,可用资源数量,进程数量,临界区数量,系统资源总数,,,A,信号量初值表示可用资源数量,操作系统,同步,信号量
9,生产者消费者问题中需要几个信号量？,1,2,1个,2个,3个,4个,,,C,生产者消费者问题需要3个信号量：互斥、空缓冲区、满缓冲区,操作系统,同步,生产者消费者
9,哲学家进餐问题可能导致？,1,3,饥饿现象,死锁现象,抖动现象,碎片现象,,,B,哲学家进餐问题可能导致死锁,操作系统,同步,哲学家进餐
9,进程通信的方式有哪些？,2,2,管道,消息队列,共享内存,信号量,,,D,进程通信方式：管道、消息队列、共享内存、信号量、套接字,操作系统,通信,方式
9,管道通信的特点是？,1,2,单向通信,双向通信,同步通信,异步通信,,,A,管道是单向通信方式,操作系统,通信,管道
9,共享内存通信的特点是？,1,2,速度最快,需要同步机制,适用于大数据量,以上都对,,,D,共享内存速度快但需要同步机制,操作系统,通信,共享内存
9,死锁产生的四个必要条件是？,2,3,互斥,占有并等待,非抢占,循环等待,,,D,死锁四个必要条件：互斥、占有并等待、非抢占、循环等待,操作系统,死锁,条件
9,死锁预防的方法是？,1,3,破坏四个必要条件,银行家算法,资源有序分配,撤销进程,,,A,死锁预防通过破坏四个必要条件实现,操作系统,死锁,预防
9,死锁避免的著名算法是？,1,3,银行家算法,先来先服务,时间片轮转,优先级调度,,,A,银行家算法是死锁避免算法,操作系统,死锁,避免
9,死锁检测和恢复的方法是？,1,3,资源分配图,撤销进程,剥夺资源,以上都是,,,D,死锁检测恢复方法：资源分配图、撤销进程、剥夺资源,操作系统,死锁,检测
9,内存管理的主要功能是？,2,2,内存分配与回收,地址转换,内存保护,内存扩充,,,D,内存管理功能：分配回收、地址转换、保护、扩充,操作系统,内存,功能
9,内存分配方式有哪些？,2,2,连续分配,分页,分段,段页式,,,D,内存分配方式：连续分配、分页、分段、段页式,操作系统,内存,分配
9,内部碎片是指？,1,2,分配给进程的内存未用完的部分,内存中未被分配的部分,进程间的空闲内存,系统保留的内存,,,A,内部碎片是分配给进程但未用完的内存,操作系统,内存,碎片
9,外部碎片是指？,1,2,分配给进程的内存未用完的部分,内存中未被分配的碎片,进程间的空闲内存,系统保留的内存,,,B,外部碎片是内存中未被分配的碎片,操作系统,内存,碎片
9,分页存储管理中页的大小是？,1,2,固定的,可变的,由进程决定,由用户决定,,,A,分页管理中页的大小是固定的,操作系统,内存,分页
9,分段存储管理中段的大小是？,1,2,固定的,可变的,由系统决定,由用户决定,,,B,分段管理中段的大小是可变的,操作系统,内存,分段
9,虚拟存储器的基础是？,1,3,局部性原理,全局性原理,时间局部性,空间局部性,,,A,虚拟存储器基于局部性原理,操作系统,虚拟内存,原理
9,虚拟存储器的实现方式是？,2,3,请求分页,请求分段,段页式,覆盖技术,,,D,虚拟存储器实现：请求分页、请求分段、段页式,操作系统,虚拟内存,实现
9,页面置换算法有哪些？,2,2,OPT,FIFO,LRU,CLOCK,,,D,页面置换算法：OPT、FIFO、LRU、CLOCK,操作系统,虚拟内存,置换算法
9,最佳置换算法OPT的特点是？,1,3,置换最长时间不用的页面,置换最早进入的页面,置换最近最少使用的页面,置换最常使用的页面,,,A,OPT算法置换最长时间不用的页面,操作系统,虚拟内存,OPT
9,先进先出置换算法FIFO的特点是？,1,2,简单但可能产生Belady异常,置换最近最少使用的页面,置换最长时间不用的页面,置换最常使用的页面,,,A,FIFO算法简单但可能产生Belady异常,操作系统,虚拟内存,FIFO
9,最近最少使用置换算法LRU的特点是？,1,2,置换最近最少使用的页面,置换最早进入的页面,置换最长时间不用的页面,置换最常使用的页面,,,A,LRU算法置换最近最少使用的页面,操作系统,虚拟内存,LRU
9,Belady异常是指？,1,3,增加页框数缺页率增加,减少页框数缺页率减少,增加页框数缺页率不变,减少页框数缺页率不变,,,A,Belady异常指增加页框数缺页率反而增加,操作系统,虚拟内存,Belady异常
9,抖动现象是指？,1,3,频繁缺页,频繁调度,频繁死锁,频繁通信,,,A,抖动现象是频繁缺页导致系统性能下降,操作系统,虚拟内存,抖动
9,文件系统的主要功能是？,2,2,文件存储,文件检索,文件共享,文件保护,,,D,文件系统功能：存储、检索、共享、保护,操作系统,文件系统,功能
9,文件的逻辑结构有？,2,2,顺序文件,索引文件,索引顺序文件,直接文件,,,D,文件逻辑结构：顺序、索引、索引顺序、直接文件,操作系统,文件系统,逻辑结构
9,文件的物理结构有？,2,2,连续分配,链接分配,索引分配,以上都是,,,D,文件物理结构：连续、链接、索引分配,操作系统,文件系统,物理结构
9,文件目录的作用是？,1,2,管理文件,查找文件,保护文件,共享文件,,,B,文件目录用于查找和管理文件,操作系统,文件系统,目录
9,磁盘调度算法有哪些？,2,2,FCFS,SSTF,SCAN,CSCAN,,,D,磁盘调度算法：FCFS、SSTF、SCAN、CSCAN,操作系统,磁盘,调度算法
9,最短寻道时间优先SSTF的特点是？,1,2,寻道时间最短,可能导致饥饿,公平性好,A和B都对,,,D,SSTF寻道时间短但可能导致饥饿,操作系统,磁盘,SSTF
9,电梯调度算法SCAN的特点是？,1,2,单向移动,双向移动,避免饥饿,A和B都对,,,D,SCAN算法双向移动避免饥饿,操作系统,磁盘,SCAN
9,I/O控制方式有哪些？,2,2,程序直接控制,中断驱动,DMA,通道控制,,,D,I/O控制方式：程序直接控制、中断、DMA、通道,操作系统,I/O,控制方式
9,DMA方式的特点是？,1,2,数据直接在内存和I/O设备间传输,需要CPU干预,适用于高速设备,A和C都对,,,D,DMA方式数据直接传输适用于高速设备,操作系统,I/O,DMA
9,缓冲技术的目的是？,1,2,缓解CPU和I/O速度不匹配,提高CPU利用率,提高I/O效率,以上都对,,,D,缓冲技术缓解速度不匹配提高效率,操作系统,I/O,缓冲
9,Spooling技术的目的是？,1,2,将独占设备变为共享设备,提高设备利用率,实现虚拟设备,以上都对,,,D,Spooling技术实现虚拟设备,操作系统,I/O,Spooling
10,设计模式的三大类是？,2,1,创建型,结构型,行为型,以上都是,,,D,设计模式分为创建型、结构型、行为型三大类,设计模式,基础,分类
10,单例模式的目的是？,1,1,确保类只有一个实例,提供全局访问点,节省内存,A和B都对,,,D,单例模式确保唯一实例并提供全局访问,设计模式,创建型,单例
10,单例模式的实现方式有？,2,2,饿汉式,懒汉式,双重检查锁,以上都是,,,D,单例模式实现：饿汉式、懒汉式、双重检查锁、枚举,设计模式,创建型,单例
10,饿汉式单例的特点是？,1,2,类加载时就创建实例,延迟加载,线程不安全,性能较差,,,A,饿汉式在类加载时就创建实例,设计模式,创建型,单例
10,懒汉式单例的特点是？,1,2,延迟加载,线程不安全,需要同步机制,以上都对,,,D,懒汉式延迟加载但需要处理线程安全,设计模式,创建型,单例
10,双重检查锁单例的优点是？,1,2,延迟加载,线程安全,性能好,以上都对,,,D,双重检查锁实现延迟加载且线程安全,设计模式,创建型,单例
10,工厂方法模式的目的是？,1,1,定义创建对象的接口,让子类决定实例化哪个类,解耦对象创建和使用,以上都对,,,D,工厂方法模式解耦对象创建和使用,设计模式,创建型,工厂方法
10,简单工厂模式的缺点是？,1,2,违反开闭原则,不易扩展,工厂类职责过重,以上都对,,,D,简单工厂违反开闭原则不易扩展,设计模式,创建型,简单工厂
10,抽象工厂模式的目的是？,1,2,创建一系列相关对象,提供一个统一的接口,支持产品族,以上都对,,,D,抽象工厂创建一系列相关对象,设计模式,创建型,抽象工厂
10,抽象工厂模式与工厂方法模式的区别？,1,3,抽象工厂创建产品族,工厂方法创建单个产品,抽象工厂更复杂,A和B都对,,,D,抽象工厂创建产品族工厂方法创建单个产品,设计模式,创建型,抽象工厂
10,建造者模式的适用场景是？,1,2,创建复杂对象,对象有很多属性,需要分步创建,以上都对,,,D,建造者模式适用于创建复杂对象,设计模式,创建型,建造者
10,建造者模式与工厂模式的区别？,1,3,建造者关注创建过程,工厂关注创建结果,建造者创建复杂对象,以上都对,,,D,建造者关注创建过程工厂关注结果,设计模式,创建型,建造者
10,原型模式的实现方式是？,1,1,克隆,复制,序列化,反射,,,A,原型模式通过克隆实现对象复制,设计模式,创建型,原型
10,深克隆与浅克隆的区别是？,1,2,深克隆复制引用对象,浅克隆不复制引用对象,深克隆效率低,以上都对,,,D,深克隆复制引用对象浅克隆不复制,设计模式,创建型,原型
10,适配器模式的作用是？,1,1,将一个接口转换成另一个接口,解决接口不兼容问题,实现接口复用,以上都对,,,D,适配器模式解决接口不兼容问题,设计模式,结构型,适配器
10,适配器模式的结构有？,2,2,类适配器,对象适配器,接口适配器,以上都是,,,D,适配器模式：类适配器、对象适配器、接口适配器,设计模式,结构型,适配器
10,装饰器模式的作用是？,1,1,动态添加功能,不改变原有对象,比继承更灵活,以上都对,,,D,装饰器模式动态添加功能,设计模式,结构型,装饰器
10,装饰器模式与继承的区别？,1,2,装饰器更灵活,装饰器可动态添加功能,继承是静态的,以上都对,,,D,装饰器比继承更灵活可动态添加功能,设计模式,结构型,装饰器
10,代理模式的作用是？,1,1,控制对象访问,增强对象功能,隐藏对象实现细节,以上都对,,,D,代理模式控制对象访问,设计模式,结构型,代理
10,代理模式的类型有？,2,2,远程代理,虚拟代理,保护代理,以上都是,,,D,代理类型：远程代理、虚拟代理、保护代理、智能代理,设计模式,结构型,代理
10,外观模式的作用是？,1,1,简化接口,隐藏系统复杂性,提供统一入口,以上都对,,,D,外观模式简化接口隐藏复杂性,设计模式,结构型,外观
10,外观模式与中介者模式的区别？,1,3,外观是单向的,中介者是双向的,外观简化接口,以上都对,,,D,外观是单向的中介者是双向的,设计模式,结构型,外观
10,组合模式的作用是？,1,1,将对象组合成树形结构,统一对待单个对象和组合对象,表示部分-整体层次结构,以上都对,,,D,组合模式表示部分-整体层次结构,设计模式,结构型,组合
10,组合模式的应用场景是？,1,2,树形结构,文件系统,组织结构,以上都对,,,D,组合模式应用于树形结构如文件系统,设计模式,结构型,组合
10,享元模式的作用是？,1,1,共享细粒度对象,减少内存占用,提高性能,以上都对,,,D,享元模式共享对象减少内存占用,设计模式,结构型,享元
10,享元模式的关键概念是？,2,2,内部状态,外部状态,共享状态,以上都是,,,D,享元模式区分内部状态和外部状态,设计模式,结构型,享元
10,桥接模式的作用是？,1,1,分离抽象和实现,使两者独立变化,减少子类数量,以上都对,,,D,桥接模式分离抽象和实现,设计模式,结构型,桥接
10,策略模式的作用是？,1,1,定义一系列算法,让算法独立变化,客户端可选择算法,以上都对,,,D,策略模式定义算法族让算法独立变化,设计模式,行为型,策略
10,策略模式的应用场景是？,1,2,多种算法可互换,避免使用多重条件判断,算法经常变化,以上都对,,,D,策略模式适用于算法可互换的场景,设计模式,行为型,策略
10,观察者模式的作用是？,1,1,定义对象间一对多依赖,当对象状态改变时通知依赖对象,实现松耦合,以上都对,,,D,观察者模式实现对象间一对多依赖,设计模式,行为型,观察者
10,观察者模式的角色有？,2,2,Subject,Observer,ConcreteSubject,以上都是,,,D,观察者模式角色：Subject、Observer、ConcreteSubject,设计模式,行为型,观察者
10,模板方法模式的作用是？,1,1,定义算法骨架,将某些步骤延迟到子类实现,复用代码,以上都对,,,D,模板方法模式定义算法骨架,设计模式,行为型,模板方法
10,模板方法模式的应用场景是？,1,2,算法骨架固定但某些步骤可变,多个子类有公共行为,控制子类扩展,以上都对,,,D,模板方法适用于算法骨架固定的场景,设计模式,行为型,模板方法
10,命令模式的作用是？,1,1,将请求封装成对象,实现请求的排队和撤销,解耦请求者和执行者,以上都对,,,D,命令模式将请求封装成对象,设计模式,行为型,命令
10,命令模式的角色有？,2,2,Command,Receiver,Invoker,以上都是,,,D,命令模式角色：Command、Receiver、Invoker,设计模式,行为型,命令
10,责任链模式的作用是？,1,1,将请求沿链传递,直到有对象处理,解耦请求发送者和接收者,以上都对,,,D,责任链模式将请求沿链传递,设计模式,行为型,责任链
10,责任链模式的应用场景是？,1,2,多个对象可处理请求,处理者不确定,需要动态指定处理者,以上都对,,,D,责任链适用于多个对象可处理请求的场景,设计模式,行为型,责任链
10,迭代器模式的作用是？,1,1,提供遍历集合的方法,不暴露集合内部结构,统一遍历接口,以上都对,,,D,迭代器模式提供遍历集合的方法,设计模式,行为型,迭代器
10,迭代器模式的优点是？,1,2,分离集合的遍历行为,支持多种遍历方式,简化集合接口,以上都对,,,D,迭代器模式分离遍历行为,设计模式,行为型,迭代器
10,状态模式的作用是？,1,1,允许对象在状态改变时改变行为,对象看起来像改变了类,消除条件语句,以上都对,,,D,状态模式允许对象改变行为,设计模式,行为型,状态
10,状态模式与策略模式的区别？,1,3,状态模式状态可自动切换,策略模式策略由客户端选择,状态模式状态间有关联,以上都对,,,D,状态模式状态可自动切换策略由客户端选择,设计模式,行为型,状态
10,中介者模式的作用是？,1,1,用一个中介对象封装对象交互,对象间不直接引用,降低耦合度,以上都对,,,D,中介者模式降低对象间耦合,设计模式,行为型,中介者
10,中介者模式的应用场景是？,1,2,对象间引用复杂,多个对象相互依赖,需要简化对象交互,以上都对,,,D,中介者适用于对象间引用复杂的场景,设计模式,行为型,中介者
10,备忘录模式的作用是？,1,1,保存对象状态,在不破坏封装的前提下恢复状态,实现撤销功能,以上都对,,,D,备忘录模式保存和恢复对象状态,设计模式,行为型,备忘录
10,备忘录模式的角色有？,2,2,Originator,Memento,Caretaker,以上都是,,,D,备忘录模式角色：Originator、Memento、Caretaker,设计模式,行为型,备忘录
10,解释器模式的作用是？,1,1,定义语言的文法,解释语言中的句子,实现简单的语言解释器,以上都对,,,D,解释器模式定义语言文法,设计模式,行为型,解释器
10,解释器模式的应用场景是？,1,2,需要解释执行的语言,语法简单,性能要求不高,以上都对,,,D,解释器适用于简单语言的解释执行,设计模式,行为型,解释器
10,访问者模式的作用是？,1,1,分离数据结构和操作,在不改变数据结构的前提下定义新操作,增加新的操作容易,以上都对,,,D,访问者模式分离数据结构和操作,设计模式,行为型,访问者
10,访问者模式的缺点是？,1,2,增加新的数据结构困难,违反依赖倒置原则,元素类需要暴露细节,以上都对,,,D,访问者模式增加数据结构困难,设计模式,行为型,访问者
10,开闭原则是指？,1,2,对扩展开放对修改关闭,对扩展关闭对修改开放,对扩展和修改都开放,对扩展和修改都关闭,,,A,开闭原则：对扩展开放对修改关闭,设计模式,原则,开闭原则
10,单一职责原则是指？,1,2,一个类只有一个引起变化的原因,一个类只做一件事,一个类只有一个方法,以上都对,,,A,单一职责：一个类只有一个引起变化的原因,设计模式,原则,单一职责
10,里氏替换原则是指？,1,2,子类可以替换父类,子类可以扩展父类功能,子类不能改变父类行为,以上都对,,,A,里氏替换：子类可以替换父类,设计模式,原则,里氏替换
10,依赖倒置原则是指？,1,2,高层模块不依赖低层模块,都依赖抽象,抽象不依赖细节,以上都对,,,D,依赖倒置：高层不依赖低层都依赖抽象,设计模式,原则,依赖倒置
10,接口隔离原则是指？,1,2,客户端不应该依赖不需要的接口,接口应该小而专一,接口应该大而全,A和B都对,,,D,接口隔离：客户端不依赖不需要的接口,设计模式,原则,接口隔离
10,迪米特法则是指？,1,2,一个对象应该对其他对象有最少了解,只与直接朋友通信,不与陌生人说话,以上都对,,,D,迪米特法则：最少知识原则,设计模式,原则,迪米特
10,合成复用原则是指？,1,2,优先使用组合而非继承,组合比继承更灵活,组合降低耦合度,以上都对,,,D,合成复用：优先使用组合而非继承,设计模式,原则,合成复用
